[{"model": "uc_dashboards.navigationsection", "pk": 1, "fields": {"caption": "_", "parent_section": null, "icon": "", "index": 100, "tags": []}}, {"model": "uc_dashboards.navigationsection", "pk": 2, "fields": {"caption": "Home", "parent_section": 1, "icon": "fa-home", "index": 1, "tags": []}}, {"model": "uc_dashboards.navigationsection", "pk": 3, "fields": {"caption": "Census", "parent_section": 1, "icon": "fa-group", "index": 2, "tags": []}}, {"model": "uc_dashboards.navigationsection", "pk": 4, "fields": {"caption": "Central Lab", "parent_section": 1, "icon": "fa-bar-chart", "index": 3, "tags": []}}, {"model": "uc_dashboards.navigationsection", "pk": 5, "fields": {"caption": "Diagnosis", "parent_section": 1, "icon": "fa-tasks", "index": 4, "tags": []}}, {"model": "uc_dashboards.navigationsection", "pk": 6, "fields": {"caption": "Config", "parent_section": 1, "icon": "fa-info", "index": 5, "tags": []}}, {"model": "uc_dashboards.navigationsection", "pk": 7, "fields": {"caption": "Diagnosis", "parent_section": 1, "icon": "fa-tasks", "index": 2, "tags": []}}, {"model": "uc_dashboards.template", "pk": 1, "fields": {"name": "Participant Listing", "template_type": "1", "template_source": "1", "template_path": "census/participant_listing.html", "template_text": "", "tags": []}}, {"model": "uc_dashboards.template", "pk": 2, "fields": {"name": "Household Listing", "template_type": "1", "template_source": "1", "template_path": "census/household_listing.html", "template_text": "", "tags": []}}, {"model": "uc_dashboards.template", "pk": 3, "fields": {"name": "Overview", "template_type": "1", "template_source": "1", "template_path": "dashboards/t_home.html", "template_text": "", "tags": []}}, {"model": "uc_dashboards.template", "pk": 4, "fields": {"name": "Sample Tracking", "template_type": "1", "template_source": "1", "template_path": "diagnosis/sample_tracking.html", "template_text": "", "tags": []}}, {"model": "uc_dashboards.template", "pk": 5, "fields": {"name": "Cluster Activation", "template_type": "1", "template_source": "1", "template_path": "config/cluster_activation.html", "template_text": "", "tags": []}}, {"model": "uc_dashboards.template", "pk": 6, "fields": {"name": "Reception Crl Listing", "template_type": "1", "template_source": "1", "template_path": "crl/reception_listing.html", "template_text": "", "tags": []}}, {"model": "uc_dashboards.template", "pk": 7, "fields": {"name": "Culture Reading", "template_type": "1", "template_source": "1", "template_path": "crl/culture_reading.html", "template_text": "", "tags": []}}, {"model": "uc_dashboards.template", "pk": 8, "fields": {"name": "TSA Listing", "template_type": "1", "template_source": "1", "template_path": "crl/tsa_listing.html", "template_text": "", "tags": []}}, {"model": "uc_dashboards.template", "pk": 9, "fields": {"name": "Smear Crl", "template_type": "1", "template_source": "1", "template_path": "crl/smear_listing.html", "template_text": "", "tags": []}}, {"model": "uc_dashboards.template", "pk": 10, "fields": {"name": "Genotype_cm Crl", "template_type": "1", "template_source": "1", "template_path": "crl/genotype_cm_listing.html", "template_text": "", "tags": []}}, {"model": "uc_dashboards.template", "pk": 11, "fields": {"name": "Building", "template_type": "1", "template_source": "2", "template_path": "", "template_text": "Page in building", "tags": []}}, {"model": "uc_dashboards.template", "pk": 12, "fields": {"name": "Ziehl Crl", "template_type": "1", "template_source": "1", "template_path": "crl/ziehl_listing.html", "template_text": "", "tags": []}}, {"model": "uc_dashboards.template", "pk": 13, "fields": {"name": "Genotype_mtdbr Crl", "template_type": "1", "template_source": "1", "template_path": "crl/genotype_mt_listing.html", "template_text": "", "tags": []}}, {"model": "uc_dashboards.template", "pk": 14, "fields": {"name": "Worksheet list", "template_type": "1", "template_source": "1", "template_path": "crl/worksheet_listing.html", "template_text": "", "tags": []}}, {"model": "uc_dashboards.template", "pk": 15, "fields": {"name": "Worksheet", "template_type": "1", "template_source": "1", "template_path": "crl/worksheet_creation.html", "template_text": "", "tags": []}}, {"model": "uc_dashboards.template", "pk": 16, "fields": {"name": "Inoculation", "template_type": "1", "template_source": "1", "template_path": "crl/worksheet_inoculation.html", "template_text": "", "tags": []}}, {"model": "uc_dashboards.template", "pk": 17, "fields": {"name": "Orphan Sample", "template_type": "1", "template_source": "1", "template_path": "crl/receive_orphan_sample.html", "template_text": "", "tags": []}}, {"model": "uc_dashboards.template", "pk": 18, "fields": {"name": "Culture Validation", "template_type": "1", "template_source": "1", "template_path": "crl/culture_validation.html", "template_text": "", "tags": []}}, {"model": "uc_dashboards.template", "pk": 19, "fields": {"name": "Medical Review Panel", "template_type": "1", "template_source": "1", "template_path": "diagnosis/medical_review_panel.html", "template_text": "", "tags": []}}, {"model": "uc_dashboards.pagesection", "pk": 1, "fields": {"title": "home"}}, {"model": "uc_dashboards.pagesection", "pk": 2, "fields": {"title": "census"}}, {"model": "uc_dashboards.pagesection", "pk": 3, "fields": {"title": "diagnosis"}}, {"model": "uc_dashboards.pagesection", "pk": 4, "fields": {"title": "crl"}}, {"model": "uc_dashboards.pagesection", "pk": 5, "fields": {"title": "config"}}, {"model": "uc_dashboards.pagetype", "pk": 1, "fields": {"name": "Dashboard", "url_section": "dashboards"}}, {"model": "uc_dashboards.pagetype", "pk": 2, "fields": {"name": "Nsinya", "url_section": "nsinya"}}, {"model": "uc_dashboards.pagetype", "pk": 3, "fields": {"name": "Nsinya", "url_section": "nsinya"}}, {"model": "uc_dashboards.page", "pk": 1, "fields": {"title": "Overview", "main_title": "Overview", "text": "", "slug": "overview", "allow_anonymous": true, "section": 1, "navigation_section": 2, "parent_page": null, "page_id": null, "template": 3, "page_type": 1, "show_filter_bar": false, "index": 0, "permissions_to_view": [], "tags": []}}, {"model": "uc_dashboards.page", "pk": 2, "fields": {"title": "Participants", "main_title": "Participants", "text": "", "slug": "participants", "allow_anonymous": false, "section": 2, "navigation_section": 3, "parent_page": null, "page_id": null, "template": 1, "page_type": 2, "show_filter_bar": false, "index": 0, "permissions_to_view": [], "tags": []}}, {"model": "uc_dashboards.page", "pk": 3, "fields": {"title": "Households", "main_title": "Households", "text": "", "slug": "households", "allow_anonymous": false, "section": 2, "navigation_section": 3, "parent_page": null, "page_id": null, "template": 2, "page_type": 2, "show_filter_bar": false, "index": 0, "permissions_to_view": [], "tags": []}}, {"model": "uc_dashboards.page", "pk": 4, "fields": {"title": "Sample Tracking", "main_title": "Sample Tracking", "text": "", "slug": "sampletracking", "allow_anonymous": false, "section": 3, "navigation_section": 5, "parent_page": null, "page_id": null, "template": 4, "page_type": 2, "show_filter_bar": false, "index": 0, "permissions_to_view": [], "tags": []}}, {"model": "uc_dashboards.page", "pk": 5, "fields": {"title": "Cluster Activation", "main_title": "Cluster Activation", "text": "", "slug": "clusteractivation", "allow_anonymous": false, "section": 5, "navigation_section": 6, "parent_page": null, "page_id": null, "template": 5, "page_type": 2, "show_filter_bar": false, "index": 0, "permissions_to_view": [], "tags": []}}, {"model": "uc_dashboards.page", "pk": 6, "fields": {"title": "Reception", "main_title": "Reception", "text": "", "slug": "reception", "allow_anonymous": false, "section": 4, "navigation_section": 4, "parent_page": null, "page_id": null, "template": 6, "page_type": 2, "show_filter_bar": false, "index": 10, "permissions_to_view": [], "tags": []}}, {"model": "uc_dashboards.page", "pk": 7, "fields": {"title": "Culture", "main_title": "Culture", "text": "", "slug": "culture", "allow_anonymous": false, "section": 4, "navigation_section": 4, "parent_page": null, "page_id": null, "template": 7, "page_type": 2, "show_filter_bar": false, "index": 30, "permissions_to_view": [], "tags": []}}, {"model": "uc_dashboards.page", "pk": 8, "fields": {"title": "TSA", "main_title": "TSA", "text": "", "slug": "tsa", "allow_anonymous": false, "section": 4, "navigation_section": 4, "parent_page": null, "page_id": null, "template": 8, "page_type": 2, "show_filter_bar": false, "index": 50, "permissions_to_view": [], "tags": []}}, {"model": "uc_dashboards.page", "pk": 9, "fields": {"title": "Smear", "main_title": "Smear", "text": "", "slug": "smear", "allow_anonymous": false, "section": 4, "navigation_section": 4, "parent_page": null, "page_id": null, "template": 9, "page_type": 2, "show_filter_bar": false, "index": 40, "permissions_to_view": [], "tags": []}}, {"model": "uc_dashboards.page", "pk": 10, "fields": {"title": "Batch", "main_title": "Batch", "text": "", "slug": "reception", "allow_anonymous": false, "section": 4, "navigation_section": 4, "parent_page": 6, "page_id": null, "template": 6, "page_type": 2, "show_filter_bar": false, "index": 11, "permissions_to_view": [], "tags": []}}, {"model": "uc_dashboards.page", "pk": 11, "fields": {"title": "Orphan sample", "main_title": "Orphan sample", "text": "", "slug": "orphan_sample", "allow_anonymous": false, "section": 4, "navigation_section": 4, "parent_page": 6, "page_id": null, "template": 17, "page_type": 2, "show_filter_bar": false, "index": 12, "permissions_to_view": [], "tags": []}}, {"model": "uc_dashboards.page", "pk": 12, "fields": {"title": "Building", "main_title": "Building", "text": "", "slug": "building", "allow_anonymous": true, "section": 1, "navigation_section": 2, "parent_page": null, "page_id": null, "template": 11, "page_type": 1, "show_filter_bar": false, "index": 0, "permissions_to_view": [], "tags": []}}, {"model": "uc_dashboards.page", "pk": 13, "fields": {"title": "Worksheet", "main_title": "Worksheet", "text": "", "slug": "worksheet", "allow_anonymous": false, "section": 4, "navigation_section": 4, "parent_page": null, "page_id": null, "template": 11, "page_type": 2, "show_filter_bar": false, "index": 20, "permissions_to_view": [], "tags": []}}, {"model": "uc_dashboards.page", "pk": 18, "fields": {"title": "Culture Reading", "main_title": "Culture Reading", "text": "", "slug": "culture_reading", "allow_anonymous": false, "section": 4, "navigation_section": 4, "parent_page": 7, "page_id": null, "template": 7, "page_type": 2, "show_filter_bar": false, "index": 32, "permissions_to_view": [], "tags": []}}, {"model": "uc_dashboards.page", "pk": 19, "fields": {"title": "Culture Validation", "main_title": "Culture Validation", "text": "", "slug": "culture_validation", "allow_anonymous": false, "section": 4, "navigation_section": 4, "parent_page": 7, "page_id": null, "template": 18, "page_type": 2, "show_filter_bar": false, "index": 33, "permissions_to_view": [], "tags": []}}, {"model": "uc_dashboards.page", "pk": 20, "fields": {"title": "Inoculation", "main_title": "Inoculation", "text": "", "slug": "inoculation", "allow_anonymous": false, "section": 4, "navigation_section": 4, "parent_page": 7, "page_id": null, "template": 16, "page_type": 2, "show_filter_bar": false, "index": 31, "permissions_to_view": [], "tags": []}}, {"model": "uc_dashboards.page", "pk": 23, "fields": {"title": "Genotype", "main_title": "Genotype", "text": "", "slug": "genotype", "allow_anonymous": false, "section": 4, "navigation_section": 4, "parent_page": null, "page_id": null, "template": 11, "page_type": 2, "show_filter_bar": false, "index": 60, "permissions_to_view": [], "tags": []}}, {"model": "uc_dashboards.page", "pk": 25, "fields": {"title": "CM", "main_title": "CM", "text": "", "slug": "cm", "allow_anonymous": false, "section": 4, "navigation_section": 4, "parent_page": 23, "page_id": null, "template": 10, "page_type": 3, "show_filter_bar": false, "index": 61, "permissions_to_view": [], "tags": []}}, {"model": "uc_dashboards.page", "pk": 26, "fields": {"title": "MTDBR", "main_title": "MTDBR", "text": "", "slug": "mtdbr", "allow_anonymous": false, "section": 4, "navigation_section": 4, "parent_page": 23, "page_id": null, "template": 13, "page_type": 3, "show_filter_bar": false, "index": 62, "permissions_to_view": [], "tags": []}}, {"model": "uc_dashboards.page", "pk": 27, "fields": {"title": "Ziehl Neelsen", "main_title": "Ziehl Neelsen", "text": "", "slug": "ziehl", "allow_anonymous": false, "section": 4, "navigation_section": 4, "parent_page": null, "page_id": null, "template": 12, "page_type": 3, "show_filter_bar": false, "index": 63, "permissions_to_view": [], "tags": []}}, {"model": "uc_dashboards.page", "pk": 28, "fields": {"title": "Create", "main_title": "create", "text": "", "slug": "worksheet", "allow_anonymous": false, "section": 4, "navigation_section": 4, "parent_page": 13, "page_id": null, "template": 15, "page_type": 3, "show_filter_bar": false, "index": 21, "permissions_to_view": [], "tags": []}}, {"model": "uc_dashboards.page", "pk": 29, "fields": {"title": "List", "main_title": "List", "text": "", "slug": "worksheetlist", "allow_anonymous": false, "section": 4, "navigation_section": 4, "parent_page": 13, "page_id": null, "template": 14, "page_type": 3, "show_filter_bar": false, "index": 22, "permissions_to_view": [], "tags": []}}, {"model": "uc_dashboards.page", "pk": 30, "fields": {"title": "Medical Review Panel", "main_title": "Medical Review Panel", "text": "", "slug": "medical_review_panel", "allow_anonymous": false, "section": 3, "navigation_section": 5, "parent_page": null, "page_id": null, "template": 19, "page_type": 2, "show_filter_bar": false, "index": 0, "permissions_to_view": [], "tags": []}}, {"model": "uc_dashboards.perspective", "pk": 1, "fields": {"name": "Field", "code": "", "default_page": 1, "comment": "", "pages": [1, 2, 3, 4, 5, 6, 7, 8, 9, 10, 11, 13, 18, 19, 20, 23, 25, 26, 27, 28, 29, 30], "tags": []}}, {"model": "uc_dashboards.groupprofile", "pk": 1, "fields": {"group": 1, "preset_filters": "", "comment": "", "perspectives": [], "tags": []}}, {"model": "uc_dashboards.groupprofile", "pk": 2, "fields": {"group": 2, "preset_filters": "", "comment": "", "perspectives": [], "tags": []}}, {"model": "uc_dashboards.userprofile", "pk": 1, "fields": {"user": 1, "preset_filters": "", "default_perspective": 1, "comment": "", "tags": []}}, {"model": "uc_dashboards.userprofile", "pk": 2, "fields": {"user": 2, "preset_filters": "", "default_perspective": null, "comment": "", "tags": []}}]